"CHROM","POS","REF","ALT","Nex","Ntr","Tex","Tt"
"1","935222","C","A","0.387096774","0.608695652","0.684210526","0.89285714"
"1","949608","G","A","0.626865672","0.659574468","0.413793103","0.38957816"
"1","984302","T","C","0.5","0.494382022","0.7","0.65495207"
"1","990280","C","T","0.576923077","0.465116279","0.545454545","0.66931216"
"1","1158631","A","G","0.486486486","0.486631016","0.457142857","0.36307692"
"1","1421531","C","A","0.459183673","0.64516129","0.376623377","0.3"
"1","1421991","G","A","0.342342342","0.371428571","0.230769231","0.25454545"
"1","1423267","A","G","0.555555556","0.606060606","0.347826087","0.30555555"
"1","1425700","T","C","0.387096774","0.416666667","0.385964912","0.27"
"1","1430985","C","T","0.457446809","0.548387097","0.436170213","0.40909090"
"1","1431165","C","T","0.18","0.173913043","0.112903226","0.24299065"
"1","1447756","G","C","0.375","0.433333333","0.111111111","0.14705882"
"1","1455533","G","A","0.52","0.379746835","0.345454545","0.22093023"
"1","1568194","C","G","0.391304348","0.8","0.266666667","0.42105263"
"1","1635004","T","C","0.526785714","0.512820513","0.38","0.29333333"
"1","1635749","C","A","0.466666667","0.259259259","0.339622642","0.15686274"
"1","1640390","C","T","0.230769231","0.340909091","0.169014085","0.10714285"
"1","1647814","T","C","0.292307692","0.685950413","0.362318841","0.66938775"
"1","1647871","T","C","0.212765957","0.52991453","0.285714286","0.59845559"
"1","1650787","T","C","0.406779661","0.621052632","0.547619048","0.54014598"
"1","1650797","A","G","0.412698413","0.5","0.556818182","0.40816326"
"1","1650801","T","C","0.4","0.519379845","0.563218391","0.43283582"
"1","1650807","T","C","0.59375","0.451851852","0.449438202","0.51707317"
"1","1650832","A","G","0.420289855","0.647482014","0.566666667","0.59111111"
"1","1650845","G","A","0.571428571","0.345864662","0.459770115","0.36714975"
"1","1666251","G","A","0.475728155","0.24137931","0.561403509","0.33333333"
"1","1684472","C","T","0.506666667","0.484848485","0.583333333","0.57317073"
"1","1686040","G","T","0.35","0.464285714","0.466666667","0.32240437"
"1","2125172","G","A","0.486486486","0.468208092","0.476190476","0.40873015"
"1","2441358","T","C","0.364864865","0.461538462","0.317460317","0.33333333"
"1","2452569","T","C","0.540540541","0.547619048","0.193548387","0.24390243"
"1","2488153","A","G","0.485507246","0.560606061","0.344444444","0.38666666"
"1","3701663","T","C","0.480519481","0.535714286","0.561797753","0.66371681"
"1","3753136","A","T","0.413043478","0.558823529","0.305555556","0.35294117"
"1","3761479","C","T","0.590163934","0.5","0.397260274","0."
"1","3807388","G","A","0.72","0.543478261","0.727272727","0.64197530"
"1","5926507","T","C","0.545454545","0.4","0.341463415","0.14814814"
"1","5937168","G","A","0.538461538","0.4","0.555555556","0.71428571"
"1","5937327","C","T","0.392857143","0.666666667","0.4","0.33333333"
"1","5965381","C","T","0.379310345","0.375","0.175","0.28947368"
"1","6158562","A","G","0.47826087","0.363636364","0.608695652","0.4"
"1","6501044","C","G","0.444444444","0.519379845","0.55","0.65517241"
"1","6524501","T","C","0.46835443","0.456521739","0.774193548","0.56862745"
"1","6533387","T","C","0.8","0.466666667","0.2","0.38235294"
"1","6705874","G","C","0.538461538","0.5","0.326923077","0.31460674"
"1","6761848","A","G","0.454545455","0.446808511","0.571428571","0.68292682"
"1","7880683","T","G","0.433333333","0.36","0.394366197","0.21428571"
"1","7886598","G","C","0.5","0.473684211","0.275862069","0."
"1","7887579","C","G","0.5","0.5","0.530612245","0.54166666"
"1","7897133","A","G","0.5125","0.380952381","0.407407407","0.11764705"
"1","8418644","C","A","0.405940594","0.480620155","0.246153846","0.40935672"
"1","8418650","T","C","0.428571429","0.484126984","0.194029851","0.40112994"
"1","8421203","T","C","0.636363636","0.48255814","0.285714286","0.3203883"
"1","9165669","G","A","0.515151515","0.464566929","0.434782609","0.16666666"
"1","9165685","G","A","0.419354839","0.519083969","0.590909091","0.812"
"1","9416151","G","A","0.358974359","0.541353383","0.314285714","0.3725490"
"1","9670834","C","T","0.407407407","0.434782609","0.476190476","0.6296296"
"1","10364260","A","G","0.493333333","0.509433962","0.65625","0.47058823"
"1","10421878","A","G","0.444444444","0.50617284","0.65","0.61224489"
"1","10596341","C","T","0.37037037","0.375","0.64","0.62162162"
"1","11805868","C","T","0.413793103","0.472222222","0.576271186","0.59340659"
"1","11848068","G","C","0.479166667","0.6","0.433333333","0.43589743"
"1","11854476","T","G","0.486486486","0.461538462","0.302325581","0.6"
"1","11854896","G","A","0.483333333","0.5","0.37037037","0.5"
"1","11856378","G","A","0.54","0.468085106","0.543478261","0.61904761"
"1","11863057","G","A","0.476923077","0.393939394","0.461538462","0.21052631"
"1","12082926","A","G","0.369565217","0.512820513","0.228571429","0.40740740"
"1","14105139","T","A","0.444444444","0.563218391","0.5","0.5316455"
"1","14105298","G","A","0.369565217","0.536231884","0.457142857","0.35294117"
"1","14109114","A","G","0.47826087","0.519480519","0.366666667","0.35555555"
"1","15382667","T","C","0.435897436","0.471153846","0.483870968","0.42857142"
"1","15441029","T","C","0.475409836","0.5","0.428571429","0."
"1","15546077","G","A","0.493975904","0.416666667","0.359375","0.47222222"
"1","15832543","T","C","0.535714286","0.52","0.633333333","0.53333333"
"1","15844615","A","G","0.451923077","0.578947368","0.467532468","0.58333333"
"1","15892415","A","C","0.56","0.472222222","0.6","0.73529411"
"1","15904318","C","T","0.587301587","0.2","0.568627451","0.59405940"
"1","15909791","T","C","0.446428571","0.428571429","0.405405405","0.50526315"
"1","15959977","C","T","0.470588235","0.525252525","0.608695652","0.437"
"1","15986547","T","C","0.647058824","0.485714286","0.444444444","0.45945945"
"1","16042766","T","C","0.606060606","0.48255814","0.47826087","0.462"
"1","16096934","C","T","0.511904762","0.588235294","0.34375","0.45783132"
"1","16256007","T","C","0.612903226","0.413043478","0.666666667","0.58333333"
"1","16259813","A","G","0.702702703","0.419354839","0.588235294","0."
"1","16264330","C","G","0.470588235","0.179487179","0.5","0.29268292"
"1","16265904","T","A","0.6","0.474137931","0.346153846","0.44067796"
"1","16458339","G","A","0.545454545","0.493506494","0.594594595","0.48113207"
"1","16535487","G","C","0.525641026","0.466666667","0.444444444","0.55555555"
"1","16641797","C","T","0.590361446","0.488095238","0.50877193","0.5217391"
"1","16890441","C","T","0.346938776","0.219512195","0.371428571","0.2"
"1","16890484","G","C","0.316770186","0.179487179","0.351648352","0.17241379"
"1","16890598","T","A","0.766990291","0.442307692","0.721649485","0.78333333"
"1","16890639","C","T","0.379182156","0.411764706","0.381355932","0.34146341"
"1","16890644","C","T","0.307692308","0.1875","0.301310044","0.28205128"
"1","16890671","T","C","0.811158798","0.875","0.792079208","0.61538461"
"1","16890672","G","A","0.80952381","0.888888889","0.78","0.61538461"
"1","16893701","G","A","0.128526646","0.189189189","0.134868421","0.16129032"
"1","16895586","T","C","0.238461538","0.105263158","0.234527687","0.11904761"
"1","16895634","T","G","0.531413613","0.578947368","0.545180723","0.7"
"1","16901714","G","A","0.473544974","0.25","0.449035813","0.47058823"
"1","16902894","A","G","0.663690476","0.4","0.663398693","0.7"
"1","16903912","T","A","0.674556213","0.888888889","0.691729323","0."
"1","16905718","A","C","0.351744186","0.333333333","0.356666667","0.13333333"
"1","16907328","G","T","0.393048128","0.25","0.363636364","0.2413793"
"1","16909052","C","T","0.660167131","0.777777778","0.659003831","0.83333333"
"1","16909129","T","C","0.435523114","0.2","0.422580645","0.26470588"
"1","16909208","C","G","0.158469945","0.108695652","0.137380192","0.17"
"1","16912014","A","C","0.345303867","0.428571429","0.318032787","0.32352941"
"1","16913633","G","T","0.351097179","0.176470588","0.323232323","0.15151515"
"1","16915357","C","T","0.554252199","0.829268293","0.629482072","0."
"1","16915513","C","G","0.191489362","0.25","0.177177177","0."
"1","16918424","G","C","0.225","0.357142857","0.185074627","0.28571428"
"1","16918498","G","A","0.158150852","0.105263158","0.181818182","0.18181818"
"1","16918502","A","G","0.70471464","0.789473684","0.716216216","0.76923076"
"1","17085427","T","C","0.753036437","0.8","0.805555556","0.85714285"
"1","17271989","G","A","0.273504274","0.166666667","0.279411765","0.21052631"
"1","17272037","G","A","0.333333333","0.193548387","0.270833333","0."
"1","17282573","G","A","0.518518519","0.368421053","0.534883721","0.14285714"
"1","17287414","T","C","0.538461538","0.5","0.142857143","0.47058823"
"1","17301780","A","G","0.478873239","0.333333333","0.395348837","0.5849056"
"1","17312592","G","A","0.631578947","0.457746479","0.470588235","0.57575757"
"1","17961345","C","T","0.611940299","0.507936508","0.533333333","0.52830188"
"1","19411129","A","G","0.459016393","0.492610837","0.6","0.55621301"
"1","19413261","T","A","0.551724138","0.566666667","0.524590164","0.57861635"
"1","19415304","C","T","0.454545455","0.503184713","0.444444444","0.5155279"
"1","19433449","A","G","0.285714286","0.495238095","0.6","0.48837209"
"1","19447819","T","C","0.571428571","0.5","0.6","0.52941176"
"1","19447843","C","G","0.59375","0.478632479","0.621621622","0.52631578"
"1","19499954","G","A","0.541666667","0.483333333","0.6","0.31578947"
"1","19565338","C","T","0.514563107","0.283018868","0.557142857","0.45454545"
"1","19565344","C","G","0.51","0.321428571","0.507246377","0.437"
"1","19583636","C","T","0.441558442","0.458333333","0.36","0.37209302"
"1","19584004","G","A","0.375","0.533333333","0.5","0.4770642"
"1","19585207","G","A","0.603773585","0.557894737","0.571428571","0.52380952"
"1","19609254","T","C","0.535714286","0.869565217","0.384615385","0.62711864"
"1","19611227","G","A","0.456521739","0.714285714","0.530612245","0.51724137"
"1","19611241","T","C","0.465909091","0.833333333","0.520833333","0.51388888"
"1","19638557","G","T","0.4","0.488888889","0.857142857","0.58620689"
"1","19644218","G","A","0.512820513","0.5","0.53125","0.57575757"
"1","19652063","G","A","0.46031746","0.363636364","0.533333333","0.32558139"
"1","19652872","G","A","0.463917526","0.4375","0.592592593","0.64864864"
"1","19950062","T","C","0.428571429","0.492592593","0.441860465","0.49826989"
"1","20020994","C","T","0.518518519","0.612903226","0.339285714","0.35555555"
"1","20442054","T","C","0.442622951","0.625","0.433333333","0."
"1","20827216","C","T","0.482142857","0.472972973","0.56","0.50724637"
"1","20915701","A","C","0.476190476","0.509478673","0.462686567","0.44117647"
"1","20977000","A","C","0.571428571","0.504950495","0.571428571","0.44776119"
"1","20982631","G","A","0.428571429","0.469135802","0.58974359","0.54461538"
"1","21904131","T","C","0.28","0.733333333","0.44","0.68181818"
"1","22109370","G","A","0.428571429","0.492753623","0.75","0.25925925"
"1","22186113","T","G","0.428571429","0.265822785","0.243243243","0.21710526"
"1","22199245","C","T","0.581395349","0.483870968","0.352941176","0.5312"
"1","22200473","C","T","0.614285714","0.442857143","0.585365854","0.48"
"1","22200998","C","T","0.523809524","0.436170213","0.714285714","0.4"
"1","22205601","T","C","0.618181818","0.515625","0.475","0.58426966"
"1","22852715","G","C","0.490909091","0.541666667","0.448979592","0.52631578"
"1","22852880","G","C","0.605263158","0.333333333","0.777777778","0.3548387"
"1","22965438","A","G","0.412371134","0.483870968","0.5625","0.44502617"
"1","23688933","A","G","0.571428571","0.493506494","0.333333333","0.42857142"
"1","23847464","C","A","0.456521739","0.54","0.709677419","0.35294117"
"1","24083494","C","T","0.52173913","0.555555556","0.55","0.36764705"
"1","24180962","T","C","0.46969697","0.479452055","0.514285714","0.43925233"
"1","24201357","A","G","0.527777778","0.714285714","0.526315789","0."
"1","24201448","C","T","0.625","0.6","0.434782609","0.16666666"
"1","24447468","G","C","0.431034483","0.604166667","0.435897436","0.45882352"
"1","24448084","G","A","0.540540541","0.503311258","0.604651163","0.55555555"
"1","24706269","A","G","0.509803922","0.466666667","0.489361702","0.33333333"
"1","24718075","T","C","0.431372549","0.4","0.46875","0."
"1","24785393","C","T","0.6","0.473684211","0.404255319","0.35555555"
"1","24981439","A","G","0.603773585","0.466666667","0.333333333","0.42682926"
"1","25889632","T","C","0.530927835","0.534482759","0.473282443","0.57352941"
"1","25890189","A","G","0.377777778","0.47826087","0.517241379","0.55445544"
"1","25890247","C","T","0.442307692","0.5","0.448275862","0.48809523"
"1","26131638","A","G","0.507692308","0.456140351","0.511627907","0.49387755"
"1","26131654","G","A","0.47761194","0.529411765","0.543478261","0.5092936"
"1","26138262","T","C","0.384615385","0.507575758","0.590909091","0.51968503"
"1","26140573","C","A","0.56043956","0.52892562","0.652173913","0.4782608"
"1","26299050","G","A","0.447619048","0.428571429","0.518987342","0.34042553"
"1","26582091","G","A","0.474358974","0.416666667","0.508196721","0.53571428"
"1","26596080","G","A","0.58490566","0.64","0.448979592","0.45454545"
"1","26608828","G","A","0.461538462","0.444444444","0.333333333","0.51351351"
"1","26609259","C","T","0.470588235","0.684210526","0.5625","0."
"1","26612460","G","A","0.52173913","0.117647059","0.315789474","0.48148148"
"1","26646726","A","G","0.509803922","0.47","0.552631579","0.50340136"
"1","26646730","A","G","0.520833333","0.46969697","0.527777778","0.50344827"
"1","26663362","C","T","0.545454545","0.496598639","0.5","0.51612903"
"1","26670444","G","T","0.375","0.516891892","0.378378378","0.66666666"
"1","26670609","C","T","0.435897436","0.458461538","0.603773585","0.4"
"1","26671625","A","G","0.319672131","0.169491525","0.253333333","0.2"
"1","26671658","G","A","0.380368098","0.273662551","0.392156863","0.2"
"1","26671690","A","G","0.375","0.294007491","0.417582418","0.30769230"
"1","26883511","A","C","0.428571429","0.489361702","0.404255319","0.57692307"
"1","27278553","G","A","0.606060606","0.534883721","0.571428571","0.63636363"
"1","27676925","G","A","0.5","0.511976048","0.549019608","0.32786885"
"1","27679954","G","A","0.421052632","0.55033557","0.285714286","0.36486486"
"1","27687466","G","T","0.678571429","0.5","0.545454545","0.62162162"
"1","27688633","G","A","0.549295775","0.493589744","0.413043478","0.47619047"
"1","27876482","C","A","0.452380952","0.461956522","0.285714286","0.4"
"1","27877216","C","T","0.411764706","0.477011494","0.461538462","0.53333333"
"1","28293588","C","T","0.46875","0.689655172","0.4","0.57692307"
"1","31346199","G","A","0.631578947","0.344827586","0.58974359","0.52459016"
"1","31351513","G","A","0.460784314","0.424242424","0.5","0.49152542"
"1","31426815","A","G","0.448275862","0.593220339","0.56","0.48695652"
"1","31898234","T","C","0.532258065","0.381642512","0.461538462","0.47335423"
"1","32164206","T","G","0.481481481","0.5625","0.636363636","0."
"1","32165495","G","T","0.461538462","0.6","0.516129032","0.66666666"
"1","32669645","C","T","0.357142857","0.25","0.37037037","0.40740740"
"1","33099637","A","G","0.526315789","0.53125","0.5","0.52427184"
"1","33160644","T","G","0.464285714","0.545454545","0.578947368","0.33333333"
"1","33161264","C","T","0.361111111","0.5","0.642857143","0.22222222"
"1","33235626","G","A","0.564516129","0.513422819","0.5","0.48666666"
"1","33409693","G","A","0.392156863","0.433962264","0.511627907","0.53658536"
"1","33832865","A","G","0.552631579","0.7","0.464285714","0.66666666"
"1","35259961","A","G","0.6","0.5","0.428571429","0.78947368"
"1","35847032","G","A","0.377777778","0.588235294","0.428571429","0."
"1","36642420","T","C","0.448275862","0.432950192","0.714285714","0.45714285"
"1","36752152","C","T","0.537037037","0.456","0.538461538","0.47169811"
"1","38019747","C","T","0.434782609","0.571428571","0.454545455","0.53333333"
"1","38149076","G","A","0.512820513","0.55","0.307692308","0.45652173"
"1","38187447","A","G","0.405063291","0.833333333","0.384615385","0.12"
"1","38338795","A","G","0.537037037","0.529411765","0.475","0.51851851"
"1","38353941","G","T","0.535353535","0.366666667","0.5","0."
"1","38449910","T","C","0.58974359","0.452173913","0.666666667","0.50588235"
"1","39352271","G","T","0.404761905","0.529411765","0.5","0.63157894"
"1","39835817","A","G","0.423728814","0.523809524","0.428571429","0."
"1","39879366","T","C","0.492753623","0.375","0.551020408","0.62"
"1","39908506","G","A","0.321428571","0.557377049","0.62962963","0.53448275"
"1","39934346","C","T","0.403225806","0.466019417","0.523076923","0.51428571"
"1","40214648","C","T","0.423076923","0.543209877","0.545454545","0.57142857"
"1","40702231","A","G","0.52","0.434782609","0.418604651","0.43478260"
"1","40705726","A","T","0.441176471","0.594594595","0.475","0.54545454"
"1","40881041","C","G","0.543859649","0.486111111","0.46","0."
"1","40881042","G","A","0.465517241","0.520547945","0.549019608","0.49206349"
"1","40980559","G","A","0.489795918","0.4","0.322580645","0.11764705"
"1","41204569","C","T","0.551282051","0.476744186","0.4","0.45312"
"1","41296828","T","G","0.494949495","0.75","0.446153846","0."
"1","41503048","C","T","0.617647059","0.444444444","0.666666667","0.34285714"
"1","42657196","T","G","0.456790123","0.445652174","0.514285714","0.49438202"
"1","43395635","C","T","0.470588235","0.507317073","0.548387097","0.44755244"
"1","43396414","G","A","0.575757576","0.505649718","0.555555556","0.37301587"
"1","43408966","G","A","0.425","0.50591716","0.388888889","0.45161290"
"1","43618596","G","A","0.421875","0.833333333","0.483870968","0.16666666"
"1","43632536","C","T","0.367088608","0.496350365","0.473684211","0.51351351"
"1","43636484","C","G","0.5","0.412587413","0.47826087","0.60666666"
"1","43896217","G","A","0.514705882","0.418604651","0.4","0.37"
"1","44035352","C","T","0.433333333","0.583081571","0.604651163","0.6380368"
"1","44058265","C","A","0.37037037","0.541832669","0.461538462","0.55038759"
"1","44072066","C","T","0.492063492","0.526315789","0.527027027","0.59203980"
"1","44415415","C","T","0.653846154","0.621621622","0.37037037","0.45238095"
"1","44415424","A","G","0.28","0.414414414","0.64","0.53488372"
"1","44447413","G","C","0.5","0.546391753","0.3","0.47663551"
"1","44451234","C","T","0.59375","0.505050505","0.3125","0.41"
"1","44461822","C","T","0.466666667","0.214285714","0.176470588","0.51136363"
"1","44474080","A","G","0.553191489","0.556756757","0.36","0.40740740"
"1","44685762","C","T","0.462962963","0.440677966","0.395833333","0.4"
"1","45218895","A","T","0.483870968","0.413793103","0.393939394","0.45652173"
"1","45224998","A","C","0.434782609","0.541666667","0.333333333","0.40677966"
"1","45226084","G","A","0.511627907","0.625","0.409090909","0.48888888"
"1","45269333","A","G","0.404761905","0.497326203","0.285714286","0.60869565"
"1","45270024","G","C","0.534653465","0.458823529","0.457142857","0.47368421"
"1","45444038","G","A","0.43902439","0.553191489","0.472222222","0."
"1","45469176","A","T","0.363636364","0.571428571","0.617647059","0.38064516"
"1","45476663","G","A","0.470588235","0.473684211","0.666666667","0.41463414"
"1","45504720","G","C","0.488888889","0.5625","0.519230769","0."
"1","45973928","G","A","0.583333333","0.388888889","0.5","0.4102564"
"1","46078854","A","G","0.34375","0.504672897","0.5","0.1061946"
"1","46078884","C","T","0.290322581","0.51","0.457142857","0.13541666"
"1","46094027","A","G","0.515151515","0.526041667","0.3","0.49677419"
"1","46095272","T","C","0.480769231","0.468208092","0.456140351","0.48251748"
"1","46195375","T","C","0.578947368","0.321428571","0.5","0."
"1","46493460","T","G","0.602739726","0.488888889","0.507936508","0.61538461"
"1","46496709","A","G","0.466666667","0.422222222","0.533333333","0.5061728"
"1","46498375","A","G","0.615384615","0.37704918","0.5","0.42452830"
"1","46806550","C","T","0.577777778","0.535714286","0.450704225","0.36842105"
"1","46810530","A","G","0.547945205","0.514285714","0.469387755","0.4"
"1","46810670","T","C","0.451612903","0.594594595","0.465116279","0.37142857"
"1","46827485","C","T","0.516129032","0.239130435","0.52173913","0.34782608"
"1","49224584","G","T","0.516129032","0.363636364","0.25","0.53846153"
"1","51826921","T","C","0.5","0.589473684","0.493333333","0.43243243"
"1","51873951","G","A","0.509090909","0.513761468","0.434782609","0.46666666"
"1","52266242","G","A","0.553571429","0.438016529","0.564516129","0.55555555"
"1","52290984","T","G","0.473684211","0.366336634","0.575","0.45714285"
"1","52991638","C","T","0.574468085","0.5","0.613636364","0."
"1","53072454","T","C","0.561403509","0.4","0.411764706","0.71428571"
"1","53153432","T","C","0.479166667","0.542857143","0.5","0.51282051"
"1","53535478","G","A","0.52","0.5","0.456521739","0.4102564"
"1","53537266","G","A","0.507042254","0.5","0.541666667","0."
"1","53544439","G","A","0.549019608","0.777777778","0.551724138","0.51063829"
"1","53544578","T","C","0.54","0.454545455","0.533333333","0.47101449"
"1","53792651","A","C","0.456521739","0.25","0.620689655","0.54545454"
"1","53793511","T","C","0.4","0.6","0.833333333","0."
"1","55119289","G","C","0.516129032","0.625","0.566666667","0.66666666"
"1","55119534","C","T","0.515625","0.285714286","0.529411765","0.312"
"1","55182300","T","A","0.450549451","0.535714286","0.451219512","0.41935483"
"1","55224131","T","C","0.456140351","0.481481481","0.4","0.26086956"
"1","55224751","C","A","0.5","0.333333333","0.422222222","0."
"1","55248074","A","G","0.29787234","0.530413625","0.459459459","0.59183673"
"1","55266797","G","C","0.38","0.530674847","0.3125","0.44117647"
"1","55457710","G","A","0.407407407","0.375","0.724137931","0."
"1","55505668","C","T","0.463768116","0.583333333","0.45","0.42592592"
"1","55524197","A","G","0.517857143","0.384615385","0.545454545","0.55263157"
"1","55524237","G","A","0.586956522","0.733333333","0.558139535","0.5"
"1","55538462","C","T","0.441176471","0.54","0.46875","0.30769230"
"1","55541174","A","G","0.5","0.576923077","0.548387097","0.66197183"
"1","55638075","G","A","0.338983051","0.392857143","0.342857143","0."
"1","59127086","G","A","0.461538462","0.352941176","0.583333333","0.47058823"
"1","59142713","T","C","0.513513514","0.6","0.415384615","0.62"
"1","59787350","T","G","0.574074074","0.615384615","0.461538462","0."
"1","59844471","G","A","0.507936508","0.3","0.372093023","0.66666666"
"1","60019881","G","A","0.5","0.533333333","0.294117647","0.33333333"
"1","61869783","G","A","0.631578947","0.430379747","0.575757576","0.56976744"
"1","62232130","T","C","0.46875","0.477272727","0.4125","0.2"
"1","62253483","G","A","0.428571429","0.547826087","0.730769231","0."
"1","62261168","A","G","0.5","0.522123894","0.625","0.5217391"
"1","62456014","G","A","0.473684211","0.528846154","0.604651163","0.61403508"
"1","62516683","G","C","0.529411765","0.451612903","0.4","0.50847457"
"1","62579823","G","A","0.5","0.516666667","0.534482759","0.49315068"
"1","62594593","C","T","0.386363636","0.472222222","0.647058824","0.46938775"
"1","64097432","C","T","0.565217391","0.491525424","0.473684211","0.41772151"
"1","64515379","C","T","0.527027027","0.413793103","0.578947368","0.46153846"
"1","64624842","A","G","0.678571429","0.444444444","0.5","0."
"1","64643277","C","T","0.485714286","0.482758621","0.483870968","0."
"1","66036441","A","G","0.50877193","0.4","0.5","0."
"1","66058513","A","G","0.5","0.6","0.466666667","0.52941176"
"1","68603586","C","T","0.555555556","0.444444444","0.511111111","0.4812"
"1","71512643","C","A","0.538461538","0.333333333","0.588235294","0."
"1","71538191","A","G","0.4375","0.551282051","0.566037736","0.58163265"
"1","74670172","A","G","0.64","0.606060606","0.549019608","0.57142857"
"1","75172001","T","A","0.365853659","0.379310345","0.5","0.37837837"
"1","75190452","C","T","0.48","0.27027027","0.448979592","0.47368421"
"1","78395029","C","G","0.542857143","0.666666667","0.509803922","0.50943396"
"1","79357360","G","C","0.484848485","0.454545455","0.5","0.37681159"
"1","79358827","G","T","0.472527473","0.5","0.472527473","0.34146341"
"1","79392756","C","A","0.491525424","0.181818182","0.5","0.37096774"
"1","79411968","C","A","0.473684211","0.5","0.578947368","0.52631578"
"1","84944989","A","G","0.461538462","0.655737705","0.486111111","0.79411764"
"1","85031630","G","A","0.606060606","0.572727273","0.228571429","0.41666666"
"1","85113203","T","C","0.41509434","0.578947368","0.523809524","0.64285714"
"1","85113229","A","G","0.413043478","0.555555556","0.53125","0.58823529"
"1","85127971","C","T","0.458333333","0.714285714","0.444444444","0."
"1","85724328","C","T","0.375","0.366666667","0.407407407","0."
"1","85816134","T","C","0.534482759","0.389312977","0.485714286","0.73493975"
"1","86818572","T","C","0.535714286","0.615384615","0.580645161","0."
"1","86820267","C","T","0.533333333","0.285714286","0.457142857","0."
"1","86838158","C","T","0.571428571","0.454545455","0.509433962","0.45454545"
"1","86852621","A","G","0.529411765","0.523809524","0.494117647","0."
"1","89225976","T","C","0.515151515","0.510204082","0.577464789","0.46153846"
"1","89271574","T","C","0.633333333","0.37037037","0.421052632","0.4062"
"1","89426902","G","A","0.342105263","0.349514563","0.425","0.28947368"
"1","89579941","T","C","0.535211268","0.487179487","0.507462687","0.49438202"
"1","89582690","G","C","0.588235294","0.406976744","0.394736842","0.45098039"
"1","89652071","T","C","0.296296296","0.285714286","0.148148148","0.11111111"
"1","89652102","A","T","0.233333333","0.222222222","0.264705882","0.13333333"
"1","90486412","T","G","0.659090909","0.3125","0.676470588","0.6862745"
"1","90493026","G","A","0.509090909","0.392156863","0.488372093","0.57692307"
"1","92177938","A","G","0.515625","0.549019608","0.352941176","0.61538461"
"1","92185657","C","T","0.468085106","0.486486486","0.548387097","0.43243243"
"1","93073228","C","A","0.606060606","0.541666667","0.48","0.38095238"
"1","94341267","A","G","0.568627451","0.413333333","0.574468085","0."
"1","94342564","C","A","0.409090909","0.460674157","0.625","0.57142857"
"1","94343023","A","G","0.675","0.428571429","0.604651163","0.44444444"
"1","94343233","T","C","0.423076923","0.450704225","0.554054054","0.39215686"
"1","94643531","T","C","0.442857143","0.4","0.490566038","0.61111111"
"1","94930345","G","A","0.53125","0.4875","0.37037037","0.64864864"
"1","98165091","T","C","0.576923077","0.5","0.426229508","0."
"1","99164434","G","A","0.628571429","0.426666667","0.451612903","0.52727272"
"1","100155199","G","A","0.489130435","0.516949153","0.338028169","0.55882352"
"1","100174670","C","T","0.545454545","0.452380952","0.4","0.37"
"1","100203648","C","T","0.352941176","0.578947368","0.441860465","0."
"1","100203693","G","A","0.413043478","0.5","0.457142857","0.33333333"
"1","100358103","C","T","0.494382022","0.6","0.527027027","0.45454545"
"1","100436133","A","G","0.405405405","0.636363636","0.361702128","0."
"1","100472604","A","G","0.470588235","0.424657534","0.393442623","0.3"
"1","100672060","T","C","0.456140351","0.527777778","0.641509434","0.39473684"
"1","100949860","G","A","0.526315789","0.444444444","0.506329114","0.33333333"
"1","104076462","C","T","0.470588235","0.45","0.333333333","0.63157894"
"1","108703834","C","T","0.473684211","0.608108108","0.574074074","0.39759036"
"1","109338861","G","C","0.361702128","0.507936508","0.526315789","0.41772151"
"1","109482304","G","A","0.46969697","0.421052632","0.516666667","0.42857142"
"1","109486196","A","G","0.4","0.419354839","0.571428571","0.56140350"
"1","109735298","T","C","0.553191489","0.8","0.576923077","0.49723756"
"1","109735416","A","C","0.482758621","0.4","0.571428571","0.47982062"
"1","109737063","C","T","0.46031746","0.375","0.534883721","0.50243902"
"1","109737090","G","A","0.510204082","0.375","0.558823529","0.45652173"
"1","109737132","T","C","0.433962264","0.5","0.388888889","0.52432432"
"1","109737172","C","T","0.395833333","0.538461538","0.431818182","0.55882352"
"1","109742485","G","A","0.435897436","0.5","0.379310345","0.4"
"1","109793108","C","T","0.564102564","0.492063492","0.444444444","0.37"
"1","110170896","T","C","0.450980392","0.536585366","0.484848485","0.48684210"
"1","110201699","T","C","0.425","0.504587156","0.549295775","0.42307692"
"1","110257590","T","C","0.468253968","0.242424242","0.50617284","0.61904761"
"1","110466338","C","A","0.492957746","0.419354839","0.474576271","0.56140350"
"1","110466466","T","C","0.5","0.766666667","0.511111111","0.36585365"
"1","110882103","A","G","0.548076923","0.454545455","0.569230769","0.36842105"
"1","110921715","T","G","0.528301887","0.4","0.594594595","0.54545454"
"1","111730901","C","T","0.553191489","0.463157895","0.432432432","0.56603773"
"1","111778325","C","T","0.533333333","0.625","0.53125","0.33333333"
"1","111783982","C","A","0.544554455","0.6","0.541666667","0.76470588"
"1","112269872","G","A","0.518518519","0.25","0.545454545","0.37"
"1","112525085","G","A","0.576923077","0.533333333","0.533333333","0.64285714"
"1","112991698","T","C","0.542372881","0.512820513","0.5","0.29268292"
"1","113063125","A","G","0.490196078","0.382352941","0.487804878","0."
"1","113162494","G","A","0.5","0.53030303","0.493670886","0.46913580"
"1","113236681","C","T","0.567567568","0.556701031","0.473684211","0.51685393"
"1","113237171","A","G","0.52173913","0.518518519","0.53968254","0.52727272"
"1","113239382","G","A","0.631578947","0.406976744","0.454545455","0.50495049"
"1","113241052","T","C","0.389830508","0.525252525","0.395833333","0.5"
"1","113243048","C","T","0.508196721","0.397435897","0.520833333","0.50993377"
"1","113255456","C","A","0.543859649","0.571428571","0.607142857","0."
"1","113456546","A","T","0.404761905","0.35","0.390243902","0.58208955"
"1","114377568","A","G","0.618181818","0.666666667","0.671428571","0.14285714"
"1","114505000","G","A","0.48","0.458015267","0.303030303","0.4696969"
"1","116609185","G","A","0.5","0.5","0.35","0."
"1","117529458","G","A","0.454545455","0.476744186","0.555555556","0.48387096"
"1","117560929","C","A","0.436619718","0.7","0.509803922","0.33333333"
"1","117603156","G","T","0.551020408","0.461538462","0.564102564","0.66666666"
"1","117617705","A","G","0.548387097","0.457142857","0.4","0.48387096"
"1","117618067","C","T","0.511111111","0.666666667","0.375","0.46153846"
"1","118165691","C","T","0.588235294","0.461538462","0.580645161","0.59259259"
"1","118165973","C","T","0.6","0.4","0.555555556","0.57142857"
"1","118166096","C","T","0.454545455","0.222222222","0.481481481","0.41463414"
"1","118501941","T","G","0.673913043","0.230769231","0.459459459","0.40740740"
"1","120612006","G","A","0.344262295","0.644444444","0.282051282","0.687"
"1","121115958","T","C","0.426829268","0.660714286","0.453333333","0."
"1","121116688","A","G","0.433121019","0.106666667","0.4","0.17073170"
"1","121116733","A","G","0.52991453","0.419354839","0.4375","0.63636363"
"1","121128409","G","C","0.473053892","0.450819672","0.556962025","0.3703703"
"1","121129557","T","C","0.488235294","0.43442623","0.481707317","0.45454545"
"1","121129695","A","G","0.379746835","0.526315789","0.376470588","0.52"
"1","143906122","C","A","0.15625","0.142857143","0.181102362","0."
"1","144164533","C","A","0.151515152","0.222222222","0.212765957","0.16666666"
"1","144615283","C","T","0.660550459","0.722222222","0.6","0.64285714"
"1","144618201","T","C","0.357894737","0.166666667","0.367647059","0.28571428"
"1","144619354","C","T","0.389534884","0.111111111","0.421052632","0.27272727"
"1","144621555","A","G","0.296943231","0.176470588","0.305699482","0.41666666"
"1","144828707","G","T","0.111764706","0.322033898","0.165","0.12"
"1","144828748","C","T","0.24137931","0.672727273","0.263681592","0.30612244"
"1","144828764","G","T","0.260115607","0.719298246","0.282828283","0.40816326"
"1","144828765","A","T","0.298013245","0.732142857","0.323863636","0."
"1","144854597","T","C","0.615384615","0.833333333","0.572519084","0.63157894"
"1","144855812","T","C","0.38121547","0.833333333","0.341935484","0.54545454"
"1","144856900","C","T","0.318627451","0.545454545","0.284916201","0.562"
"1","144865850","G","T","0.536082474","0.875","0.419354839","0.87"
"1","144866643","G","A","0.467391304","0.8","0.343283582","0.83333333"
"1","144866662","T","C","0.477777778","0.857142857","0.368421053","0.63636363"
"1","144874815","T","C","0.281553398","0.375","0.133333333","0.18181818"
"1","144874835","G","A","0.217821782","0.571428571","0.268656716","0.46153846"
"1","144875979","G","C","0.352941176","0.75","0.2125","0.14285714"
"1","144879264","A","G","0.72","0.4","0.78021978","0."
"1","144882823","C","T","0.431034483","0.777777778","0.408163265","0.78947368"
"1","144912233","C","T","0.445783133","0.189189189","0.386363636","0.12087912"
"1","144915624","G","A","0.375","0.269230769","0.333333333","0.10112359"
"1","144917546","A","G","0.58","0.184210526","0.366666667","0.12"
"1","144930596","C","A","0.527027027","0.243902439","0.390625","0.16393442"
"1","144930940","T","C","0.5","0.244444444","0.38","0.19277108"
"1","144931330","C","T","0.448275862","0.115384615","0.519230769","0.10294117"
"1","144931392","G","A","0.419354839","0.142857143","0.441176471","0.21052631"
"1","144955288","A","G","0.170731707","0.727272727","0.112244898","0.66666666"
"1","144994658","C","A","0.47311828","0.25","0.441176471","0.33333333"
"1","145273431","A","G","0.149484536","0.279620853","0.257894737","0.41818181"
"1","145293425","C","A","0.199275362","0.225806452","0.187250996","0.13333333"
"1","145293469","G","C","0.220064725","0.142857143","0.191176471","0.12"
"1","145293490","G","C","0.209439528","0.13559322","0.155115512","0.12"
"1","145293498","G","C","0.214492754","0.114754098","0.172307692","0.22222222"
"1","145296372","A","G","0.345794393","0.26","0.44278607","0.18181818"
"1","145296478","G","T","0.247311828","0.224489796","0.30125523","0.2"
"1","145298186","C","G","0.347826087","0.101265823","0.308988764","0.23809523"
"1","145299906","T","G","0.197309417","0.219512195","0.207792208","0.12"
"1","145304595","A","G","0.206521739","0.117647059","0.176470588","0.42857142"
"1","145311931","C","T","0.294117647","0.423076923","0.197530864","0.48275862"
"1","145316668","C","G","0.427083333","0.566666667","0.451612903","0."
"1","145321295","A","C","0.132450331","0.104477612","0.118881119","0.30769230"
"1","145335454","A","C","0.427480916","0.25","0.377622378","0.35211267"
"1","145335535","A","G","0.346456693","0.2","0.410447761","0.2"
"1","145340174","A","C","0.364864865","0.265957447","0.424836601","0.23809523"
"1","145344898","A","C","0.369230769","0.33490566","0.37593985","0.36585365"
"1","145349628","A","C","0.368421053","0.541666667","0.389705882","0.27272727"
"1","145354360","A","C","0.340909091","0.2125","0.312","0.2"
"1","145354441","A","G","0.406976744","0.315789474","0.441558442","0.21428571"
"1","145365316","G","A","0.696969697","0.333333333","0.666666667","0."
"1","145562881","T","C","0.496402878","0.522727273","0.379310345","0.66666666"
"1","146037495","A","G","0.130434783","0.142857143","0.146341463","0.16981132"
"1","146049211","C","G","0.219298246","0.3","0.353448276","0.46153846"
"1","146054463","C","T","0.198675497","0.153846154","0.14159292","0.312"
"1","146054471","G","C","0.179856115","0.103448276","0.105769231","0.44444444"
"1","146057344","T","C","0.378109453","0.260869565","0.35625","0.43333333"
"1","146398399","G","A","0.333333333","0.333333333","0.41875","0.57142857"
"1","146398470","T","G","0.35443038","0.166666667","0.322404372","0.21428571"
"1","146448501","T","C","0.184210526","0.161290323","0.219512195","0."
"1","146465920","G","A","0.195121951","0.28","0.320987654","0.28947368"
"1","146465964","T","G","0.147727273","0.277777778","0.252427184","0.26666666"
"1","146465973","C","G","0.126315789","0.222222222","0.209090909","0.28571428"
"1","146466030","C","G","0.307692308","0.533333333","0.420560748","0.54545454"
"1","147091972","C","T","0.382978723","0.564102564","0.288888889","0.42222222"
"1","147092352","G","T","0.75","0.130434783","0.272727273","0.30909090"
"1","147096112","G","A","0.483333333","0.366666667","0.595238095","0.59701492"
"1","147119273","G","A","0.549019608","0.833333333","0.365853659","0.37142857"
"1","147124310","T","G","0.56","0.851851852","0.302325581","0.59677419"
"1","147126437","G","A","0.487804878","0.294117647","0.7","0.45283018"
"1","147596300","C","T","0.160583942","0.19047619","0.140495868","0.16666666"
"1","147596308","G","C","0.130769231","0.157894737","0.125","0.16666666"
"1","148023067","C","T","0.201716738","0.235294118","0.189054726","0.33333333"
"1","148024903","C","T","0.275590551","0.25","0.226415094","0.66666666"
"1","148252049","A","C","0.275362319","0.552631579","0.335526316","0.48484848"
"1","148252111","C","T","0.222222222","0.540540541","0.321678322","0.2812"
"1","149871905","G","C","0.473684211","0.485714286","0.696969697","0.46428571"
"1","149906167","T","G","0.476190476","0.5","0.64516129","0.58947368"
"1","149908108","A","G","0.452830189","0.454545455","0.628865979","0.70689655"
"1","149943157","G","A","0.5","0.444444444","0.638888889","0.67"
"1","150195561","T","A","0.471153846","0.483870968","0.555555556","0.57812"
"1","150199123","G","T","0.517241379","0.436363636","0.1875","0.44736842"
"1","150259113","C","A","0.511111111","0.428571429","0.725","0.23076923"
"1","150484987","G","A","0.555555556","0.565057712","0.575757576","0.46938775"
"1","150525475","C","T","0.518518519","0.322981366","0.314814815","0.42857142"
"1","150526044","G","C","0.44","0.62585034","0.636363636","0.60975609"
"1","150526406","C","T","0.483870968","0.609271523","0.75","0.39473684"
"1","150727539","G","A","0.482758621","0.528571429","0.297297297","0.4395604"
"1","150808889","C","G","0.5","0.431372549","0.333333333","0.34482758"
"1","150940625","T","G","0.619047619","0.455555556","0.642857143","0.6224899"
"1","150955582","A","G","0.563380282","0.56","0.677419355","0."
"1","150958836","A","G","0.391304348","0.6","0.535714286","0.73684210"
"1","151062957","G","A","0.481481481","0.272727273","0.726190476","0.58536585"
"1","151079567","T","C","0.4","0.526315789","0.303797468","0.53658536"
"1","151105137","G","A","0.53164557","0.571428571","0.643678161","0.65217391"
"1","151259043","C","T","0.566666667","0.521126761","0.619047619","0.70129870"
"1","151259543","G","A","0.549295775","0.545454545","0.653061224","0.67241379"
"1","151260673","G","A","0.513513514","0.485294118","0.707317073","0.75961538"
"1","151733335","T","G","0.513513514","0.423529412","0.451612903","0.33757961"
"1","151735576","T","C","0.479166667","0.5","0.233333333","0.26262626"
"1","151787778","G","A","0.442307692","0.609756098","0.630434783","0."
"1","153029137","C","T","0.732142857","0.853422168","0.768292683","0.10256410"
"1","153520203","G","A","0.505747126","0.6","0.569767442","0.28571428"
"1","153534027","C","T","0.444444444","0.463605823","0.634615385","0.10091743"
"1","153662340","G","A","0.477272727","0.444444444","0.683333333","0.45714285"
"1","153745128","G","C","0.605263158","0.494949495","0.714285714","0.64179104"
"1","153748219","C","T","0.714285714","0.548387097","0.625","0.77"
"1","154303976","T","C","0.549295775","0.428571429","0.378787879","0.28571428"
"1","154317153","C","T","0.553191489","0.538461538","0.703703704","0.40740740"
"1","154561925","C","T","0.5","0.430555556","0.634146341","0.5628140"
"1","154573967","T","C","0.62745098","0.561290323","0.4","0.43265306"
"1","154904840","T","C","0.5375","0.432835821","0.396825397","0.31623931"
"1","154938235","G","C","0.454545455","0.475409836","0.260869565","0.37662337"
"1","154938662","T","C","0.506024096","0.435897436","0.291666667","0.37790697"
"1","154987526","C","T","0.4375","0.495384615","0.62962963","0.64705882"
"1","154987704","C","T","0.428571429","0.453757225","0.225806452","0.39333333"
"1","154988957","A","G","0.454545455","0.561357702","0.62962963","0.66666666"
"1","155030557","A","C","0.369565217","0.492268041","0.419354839","0.39597315"
"1","155039270","C","T","0.486111111","0.48","0.642857143","0.57692307"
"1","156146218","C","T","0.340909091","0.548192771","0.59375","0.61904761"
"1","156146689","G","A","0.5","0.441489362","0.451612903","0.41860465"
"1","156640156","G","A","0.48","0.5","0.529411765","0.5897435"
"1","156641537","C","T","0.518518519","0.545454545","0.43902439","0.42"
"1","156737969","C","T","0.549019608","0.446428571","0.264705882","0.3831775"
"1","156784982","T","C","0.428571429","0.25","0.407407407","0."
"1","157095470","A","G","0.550724638","0.529411765","0.415384615","0.57894736"
"1","158261015","C","T","0.513157895","0.461538462","0.244897959","0."
"1","159002377","C","A","0.52238806","0.476190476","0.390625","0.48672566"
"1","159002389","T","A","0.546666667","0.46031746","0.409836066","0.42857142"
"1","159024668","A","T","0.548387097","0.5","0.716981132","0.48920863"
"1","160062340","G","A","0.538461538","0.537313433","0.5","0.39473684"
"1","160062472","C","T","0.5","0.5","0.37037037","0.33774834"
"1","160062727","A","G","0.49122807","0.441176471","0.429752066","0.3397435"
"1","160063657","C","T","0.571428571","0.403508772","0.5","0.648437"
"1","160105367","C","T","0.527777778","0.522727273","0.4","0.36842105"
"1","160321065","A","G","0.363636364","0.488888889","0.333333333","0.34905660"
"1","160321499","C","T","0.426229508","0.442176871","0.270833333","0.33720930"
"1","160395003","G","A","0.471428571","0.418181818","0.636363636","0.2"
"1","160580549","G","T","0.593220339","0.454545455","0.6125","0."
"1","160604473","G","A","0.487804878","0.333333333","0.5625","0.22222222"
"1","160654758","C","G","0.48","0.475609756","0.575","0.53191489"
"1","160654786","G","A","0.447368421","0.415584416","0.59375","0.5"
"1","161088583","T","G","0.5","0.566037736","0.660377358","0.70833333"
"1","161094190","A","G","0.4","0.521008403","0.454545455","0.612"
"1","161132777","G","A","0.40625","0.518518519","0.369565217","0.43119266"
"1","161139738","G","A","0.5","0.563636364","0.55","0.65384615"
"1","161143801","G","A","0.551724138","0.504761905","0.65","0.59292035"
"1","161145005","C","T","0.583333333","0.466019417","0.636363636","0.65555555"
"1","161161284","G","C","0.432432432","0.473684211","0.547619048","0.60606060"
"1","161168004","C","T","0.538461538","0.375","0.3","0.52380952"
"1","161172233","C","A","0.489795918","0.430894309","0.586956522","0.56842105"
"1","161480649","A","G","0.5","0.428571429","0.433823529","0.81481481"
"1","161561967","T","C","0.310810811","0.25","0.301775148","0.13333333"
"1","161569569","C","T","0.32967033","0.555555556","0.345238095","0."
"1","161643798","T","C","0.327014218","0.526315789","0.315789474","0.57692307"
"1","161681780","A","G","0.327586207","0.65","0.557692308","0.16666666"
"1","161682975","G","T","0.468085106","0.464285714","0.428571429","0.57142857"
"1","161721707","C","T","0.465116279","0.625","0.465753425","0.39024390"
"1","161722204","C","T","0.453333333","0.5","0.592105263","0.63157894"
"1","161751741","A","G","0.322580645","0.512820513","0.542372881","0.6"
"1","161928327","A","G","0.588235294","0.505882353","0.591836735","0.53921568"
"1","162313735","C","T","0.632653061","0.428571429","0.611111111","0.30434782"
"1","163297322","A","C","0.380952381","0.666666667","0.487179487","0.60606060"
"1","163313539","C","T","0.451612903","0.4375","0.369747899","0.40298507"
"1","165667781","T","G","0.454545455","0.475609756","0.727272727","0.3"
"1","165865478","G","A","0.487179487","0.362318841","0.625","0.57142857"
"1","167973976","C","T","0.512195122","0.48","0.405797101","0.30263157"
"1","168059866","A","G","0.388888889","0.375","0.4","0.71428571"
"1","169673838","G","A","0.545454545","0.492307692","0.448717949","0.51428571"
"1","169677709","A","G","0.380952381","0.639344262","0.447368421","0.562"
"1","169762807","T","G","0.518518519","0.352941176","0.578947368","0."
"1","169823660","C","T","0.443298969","0.545454545","0.301204819","0.2"
"1","169951997","C","T","0.649122807","0.56097561","0.403508772","0.62068965"
"1","170521376","G","A","0.415584416","0.5","0.447058824","0.39393939"
"1","171176912","T","G","0.515151515","0.105691057","0.417910448","0.33333333"
"1","171751236","T","C","0.532608696","0.528301887","0.552941176","0.6"
"1","171755182","G","A","0.464285714","0.48","0.535714286","0.53333333"
"1","171763549","C","T","0.372093023","0.395348837","0.493506494","0.50649350"
"1","177902387","C","A","0.506024096","0.6","0.446428571","0.47222222"
"1","177902725","C","T","0.436363636","0.833333333","0.35","0.43478260"
"1","177905469","C","A","0.408450704","0.571428571","0.557142857","0.36666666"
"1","179055020","C","T","0.647058824","0.534883721","0.533333333","0.60294117"
"1","179852074","T","C","0.479166667","0.457627119","0.526315789","0.59677419"
"1","179876988","C","G","0.257142857","0.487603306","0.461538462","0."
"1","179989742","G","C","0.733333333","0.464285714","0.75","0.44444444"
"1","180000542","G","T","0.465909091","0.516129032","0.459459459","0.27272727"
"1","180080290","T","A","0.516666667","0.361111111","0.238095238","0.44117647"
"1","180144485","G","A","0.389830508","0.495327103","0.392857143","0.46494464"
"1","180159654","C","T","0.418918919","0.415879017","0.41509434","0.45092024"
"1","180159657","C","T","0.426666667","0.409774436","0.418181818","0.44936708"
"1","182356399","A","G","0.5","0.46728972","0.470588235","0.50261780"
"1","182551337","A","C","0.428571429","0.6","0.647058824","0.36842105"
"1","182554557","C","T","0.488888889","0.375","0.574468085","0."
"1","182844020","C","T","0.473684211","0.511811024","0.47008547","0.40740740"
"1","182993025","C","T","0.416666667","0.46","0.56097561","0.5"
"1","183072590","T","C","0.576470588","0.49122807","0.540540541","0.56989247"
"1","183085755","A","G","0.533333333","0.379310345","0.684210526","0.5"
"1","183086757","A","C","0.476190476","0.421052632","0.813953488","0.61206896"
"1","183093875","T","C","0.53125","0.321428571","0.516666667","0.56363636"
"1","183094547","T","C","0.407407407","0.463414634","0.660377358","0.5"
"1","183105534","T","C","0.507462687","0.436619718","0.545454545","0.56707317"
"1","183105705","G","A","0.583333333","0.488636364","0.625","0.5628415"
"1","183486859","G","A","0.365384615","0.457943925","0.316666667","0.44444444"
"1","183876182","C","T","0.558823529","0.565217391","0.130434783","0.70833333"
"1","184020945","G","A","0.75","0.512820513","0.3125","0.37681159"
"1","184023529","A","C","0.523076923","0.488372093","0.422222222","0.38888888"
"1","184663581","T","C","0.428571429","0.44","0.176470588","0.36559139"
"1","184677464","G","A","0.487179487","0.52","0.444444444","0.28070175"
"1","185143721","A","G","0.467741935","0.75","0.368421053","0.2"
"1","185171869","A","G","0.388888889","0.8","0.390243902","0."
"1","186303520","T","C","0.406779661","0.530864198","0.355263158","0.34532374"
"1","197070521","C","G","0.46875","0.153846154","0.608695652","0.70731707"
"1","197480927","C","T","0.454545455","0.344827586","0.634920635","0.44444444"
"1","197704717","C","T","0.384615385","0.625","0.615384615","0."
"1","197872019","G","T","0.583333333","0.2","0.4","0.4"
"1","197874949","T","C","0.549019608","0.571428571","0.408163265","0.2812"
"1","200867492","C","G","0.511904762","0.514084507","0.565217391","0.71794871"
"1","201112981","A","G","0.511627907","0.5375","0.233333333","0.34104046"
"1","201355522","T","C","0.519480519","0.462462462","0.632911392","0.60256410"
"1","201355669","T","C","0.49122807","0.439675174","0.7","0.62790697"
"1","201355943","C","T","0.419354839","0.458703939","0.527777778","0.58545454"
"1","201754444","G","C","0.380952381","0.5","0.257142857","0.61538461"
"1","201860626","A","G","0.6","0.454545455","0.638297872","0.73076923"
"1","201869257","G","A","0.536585366","0.441860465","0.413793103","0.54878048"
"1","201969082","G","A","0.466666667","0.461805556","0.306122449","0.36947791"
"1","201981862","T","C","0.636363636","0.540792541","0.714285714","0.64876957"
"1","202104616","T","A","0.422222222","0.49068323","0.564516129","0.62857142"
"1","202119546","C","G","0.5","0.25","0.522727273","0.53333333"
"1","202276494","C","T","0.5","0.642857143","0.705882353","0."
"1","202287537","G","A","0.534883721","0.470588235","0.571428571","0."
"1","202287813","T","C","0.543478261","0.555555556","0.696969697","0.37"
"1","202304868","T","C","0.625","0.590909091","0.181818182","0.48760330"
"1","203768202","G","A","0.486486486","0.35","0.533333333","0.46153846"
"1","203818973","C","A","0.435897436","0.55952381","0.675","0.56321839"
"1","204094987","C","T","0.529411765","0.588235294","0.852941176","0.55405405"
"1","204199614","C","T","0.508474576","0.571428571","0.596153846","0.52427184"
"1","204237416","C","T","0.534482759","0.515463918","0.512195122","0.70129870"
"1","204588700","C","G","0.363636364","0.19047619","0.307692308","0.57142857"
"1","205272926","C","T","0.523076923","0.443661972","0.381818182","0.35802469"
"1","205272983","C","G","0.578947368","0.456747405","0.461538462","0.41463414"
"1","205273142","G","C","0.5","0.470383275","0.8","0.56310679"
"1","205554085","G","C","0.477272727","0.8","0.426666667","0.71428571"
"1","205767885","G","A","0.543859649","0.441176471","0.382978723","0.36842105"
"1","205779231","G","A","0.628571429","0.333333333","0.612903226","0.7"
"1","206516261","C","T","0.396946565","0.342857143","0.3671875","0.35294117"
"1","206566048","G","C","0.32","0.28","0.236363636","0.32558139"
"1","206566904","T","C","0.503875969","0.214285714","0.433823529","0.36111111"
"1","206578650","G","C","0.5","0.363636364","0.506666667","0."
"1","206579936","A","G","0.429752066","0.8","0.340425532","0."
"1","207110638","C","T","0.454545455","0.510638298","0.342857143","0.36858721"
"1","207133093","T","C","0.37704918","0.428571429","0.627118644","0.72727272"
"1","207238419","C","T","0.474747475","0.5","0.514563107","0.86666666"
"1","207653364","A","G","0.568181818","0.486842105","0.661016949","0.71428571"
"1","207653395","C","A","0.395833333","0.47826087","0.338983051","0.13793103"
"1","208390155","C","T","0.47826087","0.504347826","0.571428571","0.71153846"
"1","208390162","T","C","0.551020408","0.52293578","0.628571429","0.6862745"
"1","208390469","C","T","0.454545455","0.473684211","0.46875","0.41071428"
"1","211451467","T","C","0.431372549","0.525423729","0.605633803","0.67307692"
"1","211836789","T","C","0.708333333","0.5","0.333333333","0.38095238"
"1","211840498","T","C","0.476190476","0.2","0.357142857","0.37662337"
"1","211846876","A","G","0.547169811","0.375","0.29787234","0.30769230"
"1","212161287","G","A","0.549295775","0.5","0.613636364","0.67272727"
"1","213068595","C","T","0.490196078","0.7","0.607594937","0.54716981"
"1","214818291","G","A","0.482758621","0.6","0.545454545","0.68333333"
"1","214837110","C","G","0.446153846","0.344827586","0.6","0.52272727"
"1","215759981","G","A","0.542857143","0.492537313","0.631578947","0.6"
"1","217793484","C","T","0.476190476","0.411764706","0.518518519","0.59259259"
"1","220921945","G","C","0.333333333","0.48","0.833333333","0.71428571"
"1","220935081","G","A","0.506024096","0.533333333","0.474576271","0.64864864"
"1","221912808","T","C","0.526315789","0.657142857","0.351351351","0."
"1","222734803","G","C","0.555555556","0.473684211","0.397058824","0."
"1","222800921","C","T","0.590909091","0.40625","0.553191489","0.60869565"
"1","222802376","A","G","0.638888889","0.387096774","0.727272727","0."
"1","222802926","C","T","0.442622951","0.52","0.5625","0.40540540"
"1","222803204","A","G","0.5","0.434782609","0.548387097","0.43333333"
"1","223116240","G","A","0.475","0.571428571","0.25","0.33333333"
"1","223177574","A","G","0.621621622","0.214285714","0.617647059","0.83333333"
"1","223178478","G","A","0.48","0.7","0.642857143","0."
"1","223178561","A","C","0.727272727","0.473684211","0.333333333","0.55555555"
"1","223284528","A","G","0.393442623","0.378378378","0.516129032","0."
"1","223284599","T","C","0.552631579","0.869565217","0.457142857","0.72727272"
"1","223285833","G","T","0.461538462","0.472222222","0.459459459","0.57142857"
"1","223954080","A","C","0.388059701","0.434920635","0.526315789","0.5437"
"1","225611661","C","T","0.514285714","0.588888889","0.342105263","0.44954128"
"1","226923505","G","T","0.509433962","0.407407407","0.633333333","0.51282051"
"1","227920103","G","A","0.454545455","0.5","0.363636364","0."
"1","227920357","C","T","0.388888889","0.46875","0.466666667","0."
"1","227922918","A","C","0.416666667","0.705882353","0.454545455","0.4"
"1","227935444","A","G","0.526315789","0.416666667","0.424242424","0.29166666"
"1","227954677","C","T","0.5","0.561403509","0.6","0."
"1","228288896","C","T","0.442622951","0.547169811","0.432432432","0.37"
"1","228289843","C","T","0.611111111","0.528301887","0.285714286","0."
"1","228362682","G","A","0.549019608","0.391304348","0.333333333","0."
"1","228482010","C","T","0.472222222","0.571428571","0.471428571","0."
"1","228482059","G","A","0.5","0.666666667","0.520547945","0."
"1","228524961","C","A","0.555555556","0.642857143","0.442307692","0."
"1","228528563","C","G","0.296296296","0.555555556","0.379310345","0.83333333"
"1","228547901","C","T","0.653846154","0.4375","0.45","0.66666666"
"1","229461024","C","T","0.485714286","0.363636364","0.489361702","0.30769230"
"1","229654053","T","C","0.594339623","0.7","0.423728814","0.27586206"
"1","229738236","G","A","0.567567568","0.545454545","0.666666667","0."
"1","229790048","A","G","0.477272727","0.35","0.38372093","0.39473684"
"1","230415148","G","A","0.5","0.452380952","0.487179487","0.53211009"
"1","231488524","C","T","0.28125","0.357142857","0.30952381","0.33333333"
"1","232534957","T","C","0.469387755","0.532258065","0.463414634","0.39393939"
"1","232574921","T","C","0.5","0.5390625","0.523809524","0.23076923"
"1","232596728","G","A","0.510204082","0.472868217","0.536585366","0.86842105"
"1","232650867","C","T","0.463414634","0.46875","0.565217391","0.73913043"
"1","233398713","C","T","0.37037037","0.222222222","0.56097561","0.64285714"
"1","233511675","A","C","0.577777778","0.4","0.452054795","0.65714285"
"1","233514934","G","A","0.488888889","0.6875","0.333333333","0.44117647"
"1","233514975","G","T","0.52","0.8","0.386363636","0.45945945"
"1","233515071","C","T","0.428571429","0.5","0.461538462","0."
"1","233515102","T","G","0.4","0.4","0.535714286","0.52272727"
"1","233515413","G","A","0.470588235","0.3125","0.473684211","0.53571428"
"1","234529552","C","T","0.371428571","0.529411765","0.366666667","0.46153846"
"1","234529570","G","A","0.378378378","0.509090909","0.35483871","0.47368421"
"1","234546245","C","T","0.5625","0.307692308","0.47311828","0.43589743"
"1","234556557","T","A","0.666666667","0.333333333","0.269230769","0.60714285"
"1","234565176","C","T","0.628571429","0.421052632","0.509090909","0.48387096"
"1","234569192","T","C","0.454545455","0.4","0.50877193","0.54166666"
"1","234582720","C","T","0.485714286","0.263157895","0.648648649","0.45454545"
"1","234584288","G","A","0.424242424","0.457142857","0.627906977","0.56666666"
"1","234603386","G","T","0.413793103","0.513513514","0.358974359","0.16666666"
"1","235652513","T","C","0.550724638","0.614285714","0.387096774","0.21739130"
"1","235945294","T","C","0.638888889","0.375","0.418604651","0."
"1","235955150","G","A","0.515625","0.333333333","0.444444444","0.62"
"1","235972867","T","C","0.558823529","0.6","0.392857143","0.71428571"
"1","236175339","T","C","0.517241379","0.714285714","0.2","0.46774193"
"1","236208773","C","T","0.488372093","0.214285714","0.538461538","0.5849056"
"1","236212038","G","A","0.454545455","0.333333333","0.684210526","0.40476190"
"1","236381825","G","C","0.5","0.6","0.505617978","0.81481481"
"1","236413230","T","A","0.346938776","0.5","0.439393939","0.44444444"
"1","236702210","A","G","0.517857143","0.406593407","0.327272727","0.47272727"
"1","236706862","G","C","0.490196078","0.344827586","0.451612903","0.38095238"
"1","236719135","T","C","0.538461538","0.46","0.484848485","0.45070422"
"1","236721610","G","A","0.375","0.627118644","0.444444444","0.37894736"
"1","236721660","T","C","0.568181818","0.480769231","0.466666667","0.3780487"
"1","236723108","C","T","0.436363636","0.450980392","0.461538462","0.54098360"
"1","236729956","T","C","0.285714286","0.481481481","0.5","0.67307692"
"1","236729965","G","A","0.652173913","0.516129032","0.45","0.32075471"
"1","236748397","A","G","0.533333333","0.6875","0.558139535","0.26923076"
"1","236750709","C","T","0.470588235","0.652173913","0.442307692","0.31578947"
"1","236755837","C","T","0.56","0.538461538","0.309859155","0.60714285"
"1","236758887","T","C","0.390625","0.3","0.451612903","0.26315789"
"1","236767288","C","T","0.493506494","0.375","0.492753623","0.33333333"
"1","236767330","A","G","0.479452055","0.294117647","0.482142857","0.437"
"1","242042519","C","T","0.5","0.666666667","0.636363636","0.37931034"
"1","246670481","C","G","0.530864198","0.285714286","0.438596491","0.35294117"
"1","246714587","G","A","0.468085106","0.551724138","0.34375","0.34615384"
"1","246922390","A","G","0.5","0.454545455","0.450980392","0.43010752"
"1","249110820","C","T","0.446808511","0.471428571","0.466666667","0.41666666"
"1","249150116","G","C","0.490909091","0.457142857","0.219512195","0.46153846"
"1","249211350","T","C","0.472222222","0.5","0.333333333","0.33333333"
